{
  "exp1": {
    "full": {
      "rmse": 0.0569187416845499,
      "cov": 0.9674620390455532
    },
    "nystrom": {
      "random": {
        "M": [
          25,
          50,
          100,
          200,
          400
        ],
        "rmse": [
          0.24088255774840253,
          0.17917308003809984,
          0.05706786475031716,
          0.05679872805730318,
          0.05690639141814865
        ],
        "coverage": [
          1.0,
          1.0,
          1.0,
          1.0,
          1.0
        ],
        "time": [
          0.07420015335083008,
          0.07970142364501953,
          0.0899970531463623,
          0.18333745002746582,
          0.2818336486816406
        ],
        "frobenius": [
          0.2959630288184029,
          0.18861857348037353,
          0.014379453498001613,
          0.00017617027315186613,
          1.0303363778766443e-05
        ]
      },
      "kmeans": {
        "M": [
          25,
          50,
          100,
          200,
          400
        ],
        "rmse": [
          0.19549462888956484,
          0.07310862249307641,
          0.05680410275544135,
          0.05690599244439578,
          0.056917473675720025
        ],
        "coverage": [
          1.0,
          1.0,
          1.0,
          1.0,
          1.0
        ],
        "time": [
          3.004382371902466,
          0.19939756393432617,
          0.28223705291748047,
          0.3909738063812256,
          0.47148823738098145
        ],
        "frobenius": [
          0.09183149813187699,
          0.014817292502717884,
          0.0005596269536569467,
          5.641020323328985e-06,
          3.172093044305401e-07
        ]
      },
      "grid": {
        "M": [
          25,
          50,
          100,
          200,
          400
        ],
        "rmse": [
          0.23257977706965188,
          0.08087020180957348,
          0.056954088057815724,
          0.056919783445948356,
          0.05691855762474104
        ],
        "coverage": [
          1.0,
          1.0,
          1.0,
          1.0,
          1.0
        ],
        "time": [
          0.010993003845214844,
          0.011823892593383789,
          0.0625910758972168,
          0.18056797981262207,
          0.2253093719482422
        ],
        "frobenius": [
          0.15301231943689048,
          0.01627663422496204,
          0.00033514861899891404,
          2.16870266168392e-06,
          1.79787945410771e-07
        ]
      }
    }
  },
  "exp2": {
    "Ns": [
      256,
      1024,
      2304,
      4096,
      6400,
      10000
    ],
    "full": [
      0.001863241195678711,
      0.09836483001708984,
      0.5837867259979248,
      1.8986821174621582,
      7.24289748177398,
      27.6294612189254
    ],
    "nys": [
      0.1423642635345459,
      0.19992470741271973,
      0.20680809020996094,
      0.2139885425567627,
      0.20820260047912598,
      0.26055312156677246
    ]
  },
  "exp3": {
    "n_improved": 10,
    "mean_imp": 1.0389850641232896
  }
}